id,title,genres,overview,keywords,cast,director,rating,vote_count,poster_url
1,Inception,Action|Sci-Fi|Thriller,"A thief who steals corporate secrets through dream-sharing technology is given the task of planting an idea into the mind of a CEO.","dream heist subconscious technology","Leonardo DiCaprio|Joseph Gordon-Levitt|Tom Hardy",Christopher Nolan,8.8,12000,
2,Interstellar,Adventure|Drama|Sci-Fi,"A team of explorers travel through a wormhole in space in an attempt to ensure humanity's survival.","space time black hole astronaut science","Matthew McConaughey|Anne Hathaway|Jessica Chastain",Christopher Nolan,8.7,11000,
3,The Dark Knight,Action|Crime|Drama,"Batman faces a criminal mastermind who plunges Gotham City into chaos.","batman joker crime superhero chaos","Christian Bale|Heath Ledger|Aaron Eckhart",Christopher Nolan,9.0,18000,
4,Avengers Endgame,Action|Adventure|Drama,"The Avengers assemble once more to reverse the destruction caused by Thanos.","superhero avengers marvel time travel thanos","Robert Downey Jr.|Chris Evans|Mark Ruffalo",Anthony Russo|Joe Russo,8.4,17000,
5,Titanic,Drama|Romance,"A young couple from different social classes fall in love aboard the Titanic.","romance love ship disaster ocean","Leonardo DiCaprio|Kate Winslet",James Cameron,7.9,14000,
6,The Matrix,Action|Sci-Fi,"A computer hacker discovers that reality is a simulated world and joins a rebellion against its controllers.","virtual reality hacker robot future technology","Keanu Reeves|Laurence Fishburne|Carrie-Anne Moss",Lana Wachowski|Lilly Wachowski,8.7,15000,
7,Jurassic Park,Adventure|Sci-Fi,"A theme park suffers a major breakdown that allows genetically engineered dinosaurs to escape.","dinosaurs park science adventure genetics","Sam Neill|Laura Dern|Jeff Goldblum",Steven Spielberg,8.2,10000,
8,The Shawshank Redemption,Drama,"Two imprisoned men bond over a number of years finding solace and eventual redemption.","prison friendship hope redemption freedom","Tim Robbins|Morgan Freeman",Frank Darabont,9.3,19000,
9,Spider-Man No Way Home,Action|Adventure|Fantasy,"Spider-Man's identity is revealed and he asks Doctor Strange for help, causing unexpected consequences.","superhero spider-man marvel multiverse magic","Tom Holland|Zendaya|Benedict Cumberbatch",Jon Watts,8.2,12000,
10,The Lord of the Rings,Adventure|Fantasy|Drama,"A hobbit begins a journey to destroy a powerful ring before its evil owner can reclaim it.","fantasy ring war middle-earth journey","Elijah Wood|Ian McKellen|Viggo Mortensen",Peter Jackson,8.9,16000,
11,Iron Man,Action|Sci-Fi|Adventure,"After being held captive, an engineer builds a high-tech suit and becomes a superhero.","iron man superhero technology armor marvel","Robert Downey Jr.|Gwyneth Paltrow|Jeff Bridges",Jon Favreau,7.9,13000,
12,The Martian,Adventure|Drama|Sci-Fi,"An astronaut becomes stranded on Mars and must use science and engineering to survive.","mars astronaut survival space science engineering","Matt Damon|Jessica Chastain|Kristen Wiig",Ridley Scott,8.0,9000,
13,Avatar,Action|Adventure|Fantasy,"A marine on an alien world becomes involved in a conflict between humans and the native population.","alien planet nature science fantasy war","Sam Worthington|Zoe Saldana|Sigourney Weaver",James Cameron,7.8,14000,
14,La La Land,Comedy|Drama|Romance,"A musician and an aspiring actress fall in love while pursuing their dreams in Los Angeles.","music romance dreams hollywood jazz","Ryan Gosling|Emma Stone|John Legend",Damien Chazelle,8.0,9000,
15,The Notebook,Drama|Romance,"A poor yet passionate young man falls in love with a wealthy young woman despite social differences.","romance love relationship memory","Ryan Gosling|Rachel McAdams|James Garner",Nick Cassavetes,7.8,8500,
16,The Hangover,Comedy,"Three friends wake up after a wild bachelor party and try to reconstruct what happened.","comedy friendship wedding bachelor party","Bradley Cooper|Ed Helms|Zach Galifianakis",Todd Phillips,7.7,8000,
17,John Wick,Action|Thriller|Crime,"An ex-hitman returns to action after a devastating loss and revenge mission.","assassin revenge gun action crime","Keanu Reeves|Michael Nyqvist|Ian McShane",Chad Stahelski,8.0,11000,
18,Top Gun Maverick,Action|Drama,"A veteran pilot trains a new generation of elite aviators for a dangerous mission.","pilot aviation fighter jets military action","Tom Cruise|Miles Teller|Jennifer Connelly",Joseph Kosinski,8.3,10000,
19,Black Panther,Action|Adventure|Sci-Fi,"The new king of Wakanda must defend his nation from a powerful enemy.","superhero wakanda marvel technology africa","Chadwick Boseman|Michael B Jordan|Lupita Nyongo",Ryan Coogler,7.3,12000,
20,Harry Potter and the Sorcerers Stone,Adventure|Fantasy,"A young wizard begins his education at a magical school and discovers his destiny.","magic wizard school friendship fantasy","Daniel Radcliffe|Emma Watson|Rupert Grint",Chris Columbus,7.6,10000,
